CREATE DATABASE IF NOT EXISTS reports_sample CHARACTER SET utf8mb4 COLLATE utf8mb4_unicode_ci;
USE reports_sample;

SET FOREIGN_KEY_CHECKS = 0;
DROP TABLE IF EXISTS vt_audit_log;
DROP TABLE IF EXISTS calls;
DROP TABLE IF EXISTS repayments;
DROP TABLE IF EXISTS payment_schedule;
DROP TABLE IF EXISTS disbursements;
DROP TABLE IF EXISTS applications;
DROP TABLE IF EXISTS borrowers;
SET FOREIGN_KEY_CHECKS = 1;

CREATE TABLE borrowers (
    id INT PRIMARY KEY,
    name VARCHAR(255) NOT NULL,
    dob DATE NULL,
    address1 VARCHAR(255) NULL,
    work_phone VARCHAR(50) NULL,
    ledger_id INT NULL,
    borrower_type_id INT NULL,
    blacklisted TINYINT(1) DEFAULT 0,
    blacklist_date DATE NULL,
    blacklist_reason_id INT NULL,
    country_id INT NULL,
    uid VARCHAR(100) NULL,
    annual_income DECIMAL(15,2) DEFAULT 0,
    identification_type_id VARCHAR(100) NULL,
    address1b VARCHAR(255) NULL,
    address2 VARCHAR(255) NULL,
    city VARCHAR(100) NULL,
    state VARCHAR(100) NULL,
    country VARCHAR(100) NULL,
    pincode VARCHAR(20) NULL,
    home_phone VARCHAR(50) NULL,
    hand_phone VARCHAR(50) NULL,
    sms_phone VARCHAR(50) NULL,
    email VARCHAR(255) NULL,
    alternate_email VARCHAR(255) NULL,
    blk VARCHAR(50) NULL,
    level VARCHAR(50) NULL,
    unit VARCHAR(50) NULL,
    street VARCHAR(255) NULL,
    building VARCHAR(255) NULL,
    designation VARCHAR(255) NULL,
    pass_type VARCHAR(100) NULL,
    residential_status VARCHAR(100) NULL,
    pass_status VARCHAR(100) NULL,
    country_of_birth VARCHAR(100) NULL,
    pass_expiry_date DATE NULL,
    mailing_address VARCHAR(255) NULL,
    billing_address VARCHAR(255) NULL,
    private_residential_property TINYINT(1) DEFAULT 0,
    type_of_hdb VARCHAR(255) NULL,
    type_of_housing VARCHAR(255) NULL,
    hdb_ownership_address VARCHAR(255) NULL,
    type_of_hdb_dwelling VARCHAR(255) NULL,
    vehicle_number VARCHAR(100) NULL,
    terms_of_lease VARCHAR(255) NULL,
    lease_commencement_date DATE NULL,
    sms_subscription TINYINT(1) DEFAULT 0,
    image VARCHAR(255) NULL,
    nok_name VARCHAR(255) NULL,
    nok_contact VARCHAR(50) NULL,
    nok_relation VARCHAR(100) NULL,
    remarks TEXT NULL,
    borrower_remarks TEXT NULL,
    bank_account_number VARCHAR(100) NULL,
    home_status VARCHAR(100) NULL,
    home_status_others VARCHAR(100) NULL,
    giro_bank VARCHAR(255) NULL,
    giro_bank_id INT NULL,
    giro_branch VARCHAR(255) NULL,
    giro_account_number VARCHAR(100) NULL,
    giro_approval_date DATE NULL,
    dda_number VARCHAR(100) NULL,
    gender VARCHAR(50) NULL,
    marital_status VARCHAR(100) NULL,
    site_company VARCHAR(255) NULL,
    site_address VARCHAR(255) NULL,
    site_phone VARCHAR(50) NULL,
    rating VARCHAR(50) NULL,
    business_pincode VARCHAR(50) NULL,
    property_ownership VARCHAR(100) NULL,
    monthly_income DECIMAL(15,2) DEFAULT 0,
    second_monthly_income DECIMAL(15,2) DEFAULT 0,
    third_monthly_income DECIMAL(15,2) DEFAULT 0,
    past_6m_income DECIMAL(15,2) DEFAULT 0,
    ethnic_group_id INT NULL,
    specialisation_code VARCHAR(100) NULL,
    position_code VARCHAR(100) NULL,
    country_address_id INT NULL,
    other_specialisation VARCHAR(255) NULL,
    mlcb_last_os_principal DECIMAL(15,2) DEFAULT 0,
    mlcb_last_datetime_request DATETIME NULL,
    mlcb_last_no_of_loans INT NULL,
    batch_number VARCHAR(100) NULL,
    credit_limit DECIMAL(15,2) DEFAULT 0,
    giro_remarks VARCHAR(255) NULL,
    txntype VARCHAR(100) NULL,
    proxyType VARCHAR(100) NULL
);

CREATE TABLE applications (
    id INT PRIMARY KEY,
    borrower_id INT NOT NULL,
    vt_user_id INT NULL,
    account_number VARCHAR(100) NULL,
    date DATE NULL,
    amount DECIMAL(15,2) DEFAULT 0,
    deleted TINYINT(1) DEFAULT 0,
    LenderId INT NULL,
    surety_id INT NULL,
    new_surety_id INT NULL,
    surety2_id INT NULL,
    surety3_id INT NULL,
    surety4_id INT NULL,
    loan_purpose_id INT NULL,
    loan_type_id VARCHAR(100) NULL,
    SecureType VARCHAR(100) NULL,
    SecureValue DECIMAL(15,2) DEFAULT 0,
    SecureInfo VARCHAR(255) NULL,
    Remarks TEXT NULL,
    loan_status_id VARCHAR(100) NULL,
    loan_status_date DATE NULL,
    record_of_location VARCHAR(255) NULL,
    agent_id INT NULL,
    mlas_submission TINYINT(1) DEFAULT 0,
    dp_ref VARCHAR(255) NULL,
    FOREIGN KEY (borrower_id) REFERENCES borrowers(id)
);

CREATE TABLE disbursements (
    id INT PRIMARY KEY,
    application_id INT NOT NULL,
    account_number VARCHAR(100) NULL,
    date DATE NULL,
    amount DECIMAL(15,2) DEFAULT 0,
    voucher_number VARCHAR(100) NULL,
    mlcb_application_id INT NULL,
    imported_LonAppNo VARCHAR(100) NULL,
    account_number_prefix VARCHAR(100) NULL,
    account_number_suffix VARCHAR(100) NULL,
    PaymentMode VARCHAR(100) NULL,
    PMDate DATE NULL,
    transaction_number VARCHAR(100) NULL,
    transaction_number1 VARCHAR(100) NULL,
    PMBankName VARCHAR(100) NULL,
    interest_rate DECIMAL(5,2) DEFAULT 0,
    interest_frequency_id VARCHAR(50) NULL,
    InterestFrom VARCHAR(100) NULL,
    eir DECIMAL(10,2) DEFAULT 0,
    irr DECIMAL(10,2) DEFAULT 0,
    GracePeriod INT NULL,
    GraceType VARCHAR(10) NULL,
    interest_calculation_method_id VARCHAR(50) NULL,
    installment_count INT NULL,
    FreqencyNo INT NULL,
    payment_frequency_id VARCHAR(50) NULL,
    ModeOfPayment VARCHAR(50) NULL,
    OverPayment DECIMAL(15,2) DEFAULT 0,
    late_interest_rate DECIMAL(5,2) DEFAULT 0,
    first_payment_date DATE NULL,
    second_payment_date DATE NULL,
    last_payment_date DATE NULL,
    Remarks TEXT NULL,
    LenderId INT NULL,
    Approved VARCHAR(50) NULL,
    status VARCHAR(50) NULL,
    payment_type_id INT NULL,
    EMICal DECIMAL(15,2) DEFAULT 0,
    book_id INT NULL,
    Rest VARCHAR(50) NULL,
    MailAddress VARCHAR(255) NULL,
    language_code VARCHAR(10) NULL,
    terms_and_conditions TEXT NULL,
    book_amount DECIMAL(15,2) DEFAULT 0,
    book_amount1 DECIMAL(15,2) DEFAULT 0,
    book_id1 INT NULL,
    payment_type_id1 INT NULL,
    voucher_number1 VARCHAR(100) NULL,
    PMDate1 DATE NULL,
    deprecated_agent_principal_share varchar(100) NULL, 
    deprecated_agent_interest_share varchar(100) NULL, 
    deprecated_agent_late_fee_share varchar(100) NULL, 
    deprecated_agent_late_interest_share varchar(100) NULL,
    acceptance_fee DECIMAL(15,2) DEFAULT 0,
    late_repayment_fee DECIMAL(15,2) DEFAULT 0,
    legal_fee DECIMAL(15,2) DEFAULT 0,
    renewal_fee DECIMAL(15,2) DEFAULT 0,
    contract_variation_fee DECIMAL(15,2) DEFAULT 0,
    cheque_dishonour_fee DECIMAL(15,2) DEFAULT 0,
    termination_fee DECIMAL(15,2) DEFAULT 0,
    acceptance_fee_percent DECIMAL(10,2) DEFAULT 0,
    renewal_fee_percent DECIMAL(10,2) DEFAULT 0,
    late_fee DECIMAL(15,2) DEFAULT 0,
    late_fee_percent DECIMAL(10,2) DEFAULT 0,
    contract_variation_fee_percent DECIMAL(10,2) DEFAULT 0,
    cheque_dishonour_fee_percent DECIMAL(10,2) DEFAULT 0,
    termination_fee_percent DECIMAL(10,2) DEFAULT 0,
    legal_fee_percent DECIMAL(10,2) DEFAULT 0,
    CollectionFees_unknown DECIMAL(15,2) DEFAULT 0,
    CollectionFeesP_unknown DECIMAL(15,2) DEFAULT 0,
    late_repayment_fee_percent DECIMAL(10,2) DEFAULT 0,
    borrower_annual_income DECIMAL(15,2) DEFAULT 0,
    security_details TEXT NULL,
    bank VARCHAR(100) NULL,
    un_search_remarks TEXT NULL,
    un_search_datetime DATETIME NULL,
    borrower_bank_account_number VARCHAR(100) NULL,
    giro_bank VARCHAR(255) NULL,
    giro_bank_id INT NULL,
    giro_branch VARCHAR(255) NULL,
    giro_account_number VARCHAR(100) NULL,
    giro_approval_date DATE NULL,
    dda_number VARCHAR(100) NULL,
    giro_approval_time TIME NULL,
    giro_remarks VARCHAR(255) NULL,
    paynow_status VARCHAR(100) NULL,
    created_at DATETIME NULL,
    updated_at DATETIME NULL,
    FOREIGN KEY (application_id) REFERENCES applications(id)
);

CREATE TABLE payment_schedule (
    id INT PRIMARY KEY,
    application_id INT NOT NULL,
    disbursement_id INT NOT NULL,
    date DATE NULL,
    amount DECIMAL(15,2) DEFAULT 0,
    principal DECIMAL(15,2) DEFAULT 0,
    interest DECIMAL(15,2) DEFAULT 0,
    late_fee DECIMAL(15,2) DEFAULT 0,
    late_interest DECIMAL(15,2) DEFAULT 0,
    legal_fee DECIMAL(15,2) DEFAULT 0,
    renewal_fee DECIMAL(15,2) DEFAULT 0,
    contract_variation_fee DECIMAL(15,2) DEFAULT 0,
    cheque_dishonour_fee DECIMAL(15,2) DEFAULT 0,
    termination_fee DECIMAL(15,2) DEFAULT 0,
    google_calendar_url VARCHAR(255) NULL,
    skip TINYINT(1) DEFAULT 0,
    deleted TINYINT(1) DEFAULT 0,
    FOREIGN KEY (application_id) REFERENCES applications(id),
    FOREIGN KEY (disbursement_id) REFERENCES disbursements(id)
);

CREATE TABLE repayments (
    id INT PRIMARY KEY,
    application_id INT NOT NULL,
    disbursement_id INT NOT NULL,
    account_number VARCHAR(100) NULL,
    date DATE NULL,
    amount DECIMAL(15,2) DEFAULT 0,
    principal DECIMAL(15,2) DEFAULT 0,
    interest DECIMAL(15,2) DEFAULT 0,
    late_fee DECIMAL(15,2) DEFAULT 0,
    late_interest DECIMAL(15,2) DEFAULT 0,
    deleted TINYINT(1) DEFAULT 0,
    voucher_number VARCHAR(100) NULL,
    payer_type_id VARCHAR(50) NULL,
    other_payer_name VARCHAR(255) NULL,
    other_payer_address VARCHAR(255) NULL,
    other_payer_uid VARCHAR(100) NULL,
    PaymentMode VARCHAR(100) NULL,
    PayDetDate DATE NULL,
    transaction_number VARCHAR(100) NULL,
    PayDetBank VARCHAR(100) NULL,
    remarks TEXT NULL,
    RegularPay TINYINT(1) DEFAULT 0,
    paid_principal DECIMAL(15,2) DEFAULT 0,
    paid_interest DECIMAL(15,2) DEFAULT 0,
    PrincipalAdj DECIMAL(15,2) DEFAULT 0,
    InterestAdj DECIMAL(15,2) DEFAULT 0,
    AmountAdj DECIMAL(15,2) DEFAULT 0,
    permit_fee DECIMAL(15,2) DEFAULT 0,
    acceptance_fee DECIMAL(15,2) DEFAULT 0,
    renewal_fee DECIMAL(15,2) DEFAULT 0,
    contract_variation_fee DECIMAL(15,2) DEFAULT 0,
    cheque_dishonoured_fee DECIMAL(15,2) DEFAULT 0,
    termination_fee DECIMAL(15,2) DEFAULT 0,
    legal_fee DECIMAL(15,2) DEFAULT 0,
    compound_interest DECIMAL(15,2) DEFAULT 0,
    interest_growth DECIMAL(15,2) DEFAULT 0,
    LenderID INT NULL,
    RegularPrincipal DECIMAL(15,2) DEFAULT 0,
    RegularInterest DECIMAL(15,2) DEFAULT 0,
    AmountPrincipal DECIMAL(15,2) DEFAULT 0,
    receipt_number VARCHAR(100) NULL,
    outstanding_principal DECIMAL(15,2) DEFAULT 0,
    NoofLateDays INT DEFAULT 0,
    NoofLatePayment INT DEFAULT 0,
    cheque_dishonour TINYINT(1) DEFAULT 0,
    payment_type_id INT NULL,
    book_id INT NULL,
    CollectionFees DECIMAL(15,2) DEFAULT 0,
    created_on DATETIME NULL,
    mlcb_paystt VARCHAR(100) NULL,
    dbspayment_id INT NULL,
    FOREIGN KEY (application_id) REFERENCES applications(id),
    FOREIGN KEY (disbursement_id) REFERENCES disbursements(id)
);

CREATE TABLE calls (
    id INT PRIMARY KEY,
    application_id INT NOT NULL,
    disbursement_id INT NOT NULL,
    payment_schedule_id INT NOT NULL,
    date DATE NULL,
    next_call_date DATE NULL,
    remarks TEXT NULL,
    action_code_id INT NULL,
    google_calendar_url VARCHAR(255) NULL,
    deleted TINYINT(1) DEFAULT 0,
    FOREIGN KEY (application_id) REFERENCES applications(id),
    FOREIGN KEY (disbursement_id) REFERENCES disbursements(id),
    FOREIGN KEY (payment_schedule_id) REFERENCES payment_schedule(id)
);

CREATE TABLE vt_audit_log (
    id INT PRIMARY KEY,
    user_type VARCHAR(50) NULL,
    user_id VARCHAR(50) NULL,
    controller VARCHAR(100) NULL,
    method VARCHAR(100) NULL,
    params TEXT NULL,
    request_method VARCHAR(10) NULL,
    audit_info TEXT NULL,
    url VARCHAR(255) NULL,
    request_uri VARCHAR(255) NULL,
    last_insert_id VARCHAR(100) NULL
);

INSERT INTO `borrowers` (`id`, `name`, `dob`, `address1`, `work_phone`, `ledger_id`, `borrower_type_id`, `blacklisted`, `blacklist_date`, `blacklist_reason_id`, `country_id`, `uid`, `annual_income`, `identification_type_id`, `address1b`, `address2`, `city`, `state`, `country`, `pincode`, `home_phone`, `hand_phone`, `sms_phone`, `email`, `alternate_email`, `blk`, `level`, `unit`, `street`, `building`, `designation`, `pass_type`, `residential_status`, `pass_status`, `country_of_birth`, `pass_expiry_date`, `mailing_address`, `billing_address`, `private_residential_property`, `type_of_hdb`, `type_of_housing`, `hdb_ownership_address`, `type_of_hdb_dwelling`, `vehicle_number`, `terms_of_lease`, `lease_commencement_date`, `sms_subscription`, `image`, `nok_name`, `nok_contact`, `nok_relation`, `remarks`, `borrower_remarks`, `bank_account_number`, `home_status`, `home_status_others`, `giro_bank`, `giro_bank_id`, `giro_branch`, `giro_account_number`, `giro_approval_date`, `dda_number`, `gender`, `marital_status`, `site_company`, `site_address`, `site_phone`, `rating`, `business_pincode`, `property_ownership`, `monthly_income`, `second_monthly_income`, `third_monthly_income`, `past_6m_income`, `ethnic_group_id`, `specialisation_code`, `position_code`, `country_address_id`, `other_specialisation`, `mlcb_last_os_principal`, `mlcb_last_datetime_request`, `mlcb_last_no_of_loans`, `batch_number`, `credit_limit`, `giro_remarks`, `txntype`, `proxyType`) VALUES
  (1, 'Alice Tan', '1992-07-14', '123 Orchard Rd, #05-01', '6581234567', 0, 0, 0, '2024-01-01', 0, 0, 'uid', 0, 'identifi', 'address1', 'address2', 'city', 'state', 'country', 'pincode', 'home_pho', 'hand_pho', 'sms_phon', 'email', 'alternat', 'blk', 'level', 'unit', 'street', 'building', 'designat', 'pass_typ', 'resident', 'pass_sta', 'country_', '2024-01-01', 'mailing_', 'billing_', 0, 'type_of_', 'type_of_', 'hdb_owne', 'type_of_', 'vehicle_', 'terms_of', '2024-01-01', 0, 'image', 'nok_name', 'nok_cont', 'nok_rela', 'remarks', 'borrower', 'bank_acc', 'home_sta', 'home_sta', 'giro_ban', 0, 'giro_bra', 'giro_acc', '2024-01-01', 'dda_numb', 'gender', 'marital_', 'site_com', 'site_add', 'site_pho', 'rating', 'business', 'property', 0, 0, 0, 0, 0, 'speciali', 'position', 0, 'other_sp', 0, '2024-01-01 000000', 0, 'batch_nu', 0, 'giro_rem', 'txntype', 'proxyTyp'),
  (2, 'Budi Santoso', '1988-11-03', '88 Tanjong Pagar, #10-08', '6592345678', 0, 0, 0, '2024-01-01', 0, 0, 'uid', 0, 'identifi', 'address1', 'address2', 'city', 'state', 'country', 'pincode', 'home_pho', 'hand_pho', 'sms_phon', 'email', 'alternat', 'blk', 'level', 'unit', 'street', 'building', 'designat', 'pass_typ', 'resident', 'pass_sta', 'country_', '2024-01-01', 'mailing_', 'billing_', 0, 'type_of_', 'type_of_', 'hdb_owne', 'type_of_', 'vehicle_', 'terms_of', '2024-01-01', 0, 'image', 'nok_name', 'nok_cont', 'nok_rela', 'remarks', 'borrower', 'bank_acc', 'home_sta', 'home_sta', 'giro_ban', 0, 'giro_bra', 'giro_acc', '2024-01-01', 'dda_numb', 'gender', 'marital_', 'site_com', 'site_add', 'site_pho', 'rating', 'business', 'property', 0, 0, 0, 0, 0, 'speciali', 'position', 0, 'other_sp', 0, '2024-01-01 000000', 0, 'batch_nu', 0, 'giro_rem', 'txntype', 'proxyTyp'),
  (3, 'Chong Wei', '1990-02-21', '5 Ang Mo Kio Ave 3, #02-12', '6583456789', 0, 0, 0, '2024-01-01', 0, 0, 'uid', 0, 'identifi', 'address1', 'address2', 'city', 'state', 'country', 'pincode', 'home_pho', 'hand_pho', 'sms_phon', 'email', 'alternat', 'blk', 'level', 'unit', 'street', 'building', 'designat', 'pass_typ', 'resident', 'pass_sta', 'country_', '2024-01-01', 'mailing_', 'billing_', 0, 'type_of_', 'type_of_', 'hdb_owne', 'type_of_', 'vehicle_', 'terms_of', '2024-01-01', 0, 'image', 'nok_name', 'nok_cont', 'nok_rela', 'remarks', 'borrower', 'bank_acc', 'home_sta', 'home_sta', 'giro_ban', 0, 'giro_bra', 'giro_acc', '2024-01-01', 'dda_numb', 'gender', 'marital_', 'site_com', 'site_add', 'site_pho', 'rating', 'business', 'property', 0, 0, 0, 0, 0, 'speciali', 'position', 0, 'other_sp', 0, '2024-01-01 000000', 0, 'batch_nu', 0, 'giro_rem', 'txntype', 'proxyTyp');

INSERT INTO `applications` (`id`, `borrower_id`, `vt_user_id`, `account_number`, `date`, `amount`, `deleted`, `LenderId`, `surety_id`, `new_surety_id`, `surety2_id`, `surety3_id`, `surety4_id`, `loan_purpose_id`, `loan_type_id`, `SecureType`, `SecureValue`, `SecureInfo`, `Remarks`, `loan_status_id`, `loan_status_date`, `record_of_location`, `agent_id`, `mlas_submission`, `dp_ref`) VALUES
  (1001, 1, 1, 'ACC-0001', '2024-03-01', 5000.0, 0, 0, 0, 0, 0, 0, 0, 0, 'loan_typ', 'SecureTy', 0, 'SecureIn', 'Remarks', 'loan_sta', '2024-01-01', 'record_o', 0, 0, 'dp_ref'),
  (1002, 2, 1, 'ACC-0002', '2024-04-15', 12000.0, 0, 0, 0, 0, 0, 0, 0, 0, 'loan_typ', 'SecureTy', 0, 'SecureIn', 'Remarks', 'loan_sta', '2024-01-01', 'record_o', 0, 0, 'dp_ref');

INSERT INTO `disbursements` (`id`, `application_id`, `account_number`, `date`, `amount`, `voucher_number`, `mlcb_application_id`, `imported_LonAppNo`, `account_number_prefix`, `account_number_suffix`, `PaymentMode`, `PMDate`, `transaction_number`, `transaction_number1`, `PMBankName`, `interest_rate`, `interest_frequency_id`, `InterestFrom`, `eir`, `irr`, `GracePeriod`, `GraceType`, `interest_calculation_method_id`, `installment_count`, `FreqencyNo`, `payment_frequency_id`, `ModeOfPayment`, `OverPayment`, `late_interest_rate`, `first_payment_date`, `second_payment_date`, `last_payment_date`, `Remarks`, `LenderId`, `Approved`, `status`, `payment_type_id`, `EMICal`, `book_id`, `Rest`, `MailAddress`, `language_code`, `terms_and_conditions`, `book_amount`, `book_amount1`, `book_id1`, `payment_type_id1`, `voucher_number1`, `PMDate1`, `deprecated_agent_principal_share`, `deprecated_agent_interest_share`, `deprecated_agent_late_fee_share`, `deprecated_agent_late_interest_share`, `acceptance_fee`, `late_repayment_fee`, `legal_fee`, `renewal_fee`, `contract_variation_fee`, `cheque_dishonour_fee`, `termination_fee`, `acceptance_fee_percent`, `renewal_fee_percent`, `late_fee`, `late_fee_percent`, `contract_variation_fee_percent`, `cheque_dishonour_fee_percent`, `termination_fee_percent`, `legal_fee_percent`, `CollectionFees_unknown`, `CollectionFeesP_unknown`, `late_repayment_fee_percent`, `borrower_annual_income`, `security_details`, `bank`, `un_search_remarks`, `un_search_datetime`, `borrower_bank_account_number`, `giro_bank`, `giro_bank_id`, `giro_branch`, `giro_account_number`, `giro_approval_date`, `dda_number`, `giro_approval_time`, `giro_remarks`, `paynow_status`, `created_at`, `updated_at`) VALUES
  (5001, 1001, 'ACC-0001', '2024-03-05', 5000.0, 'voucher_', 0, 'imported', 'account_', 'account_', 'PaymentM', '2024-01-01', 'transact', 'transact', 'PMB', 0, 'i', 'Interest', 0, 0, 0, 'G', 'i', 0, 0, 'p', 'Mod', 'OverP', 0, '2024-01-01', '2024-01-01', '2024-01-01', 'Remarks', 0, 'Appro', 'statu', 0, 0, 0, 'R', 'MailAddr', 'languag', 'terms_an', 0, 0, 0, 0, 'voucher_', '2024-01-01', 0, 0, 0, 0, 0, 0, 0, 0, 0, 0, 0, 0, 0, 0, 0, 0, 0, 0, 0, 0, 0, 0, 0, 'security', 'bank', 'un_searc', '2024-01-01 000000', 'borrower', 'giro_ban', 0, 'giro_bra', 'giro_acc', '2024-01-01', 'dda_numb', 0, 'giro_rem', 'paynow_s', '2024-01-01 000000', '2024-01-01 000000'),
  (5002, 1002, 'ACC-0002', '2024-04-20', 12000.0, 'voucher_', 0, 'imported', 'account_', 'account_', 'PaymentM', '2024-01-01', 'transact', 'transact', 'PMB', 0, 'i', 'Interest', 0, 0, 0, 'G', 'i', 0, 0, 'p', 'Mod', 'OverP', 0, '2024-01-01', '2024-01-01', '2024-01-01', 'Remarks', 0, 'Appro', 'statu', 0, 0, 0, 'R', 'MailAddr', 'languag', 'terms_an', 0, 0, 0, 0, 'voucher_', '2024-01-01', 0, 0, 0, 0, 0, 0, 0, 0, 0, 0, 0, 0, 0, 0, 0, 0, 0, 0, 0, 0, 0, 0, 0, 'security', 'bank', 'un_searc', '2024-01-01 000000', 'borrower', 'giro_ban', 0, 'giro_bra', 'giro_acc', '2024-01-01', 'dda_numb', 0, 'giro_rem', 'paynow_s', '2024-01-01 000000', '2024-01-01 000000');

INSERT INTO `payment_schedule` (`id`, `application_id`, `disbursement_id`, `date`, `amount`, `principal`, `interest`, `late_fee`, `late_interest`, `legal_fee`, `renewal_fee`, `contract_variation_fee`, `cheque_dishonour_fee`, `termination_fee`, `google_calendar_url`, `skip`, `deleted`) VALUES
  (7001, 1001, 5001, '2024-04-05', 2600.0, 2500.0, 100.0, 0.0, 0.0, 0.0, 0.0, 0.0, 0.0, 0.0, 'httpsexample.comps7001', 0, 0),
  (7002, 1001, 5001, '2024-05-05', 2600.0, 2500.0, 100.0, 0.0, 0.0, 0.0, 0.0, 0.0, 0.0, 0.0, 'httpsexample.comps7002', 0, 0),
  (7003, 1002, 5002, '2024-05-20', 6100.0, 6000.0, 100.0, 0.0, 0.0, 0.0, 0.0, 0.0, 0.0, 0.0, 'httpsexample.comps7003', 0, 0);

INSERT INTO `repayments` (`id`, `application_id`, `disbursement_id`, `account_number`, `date`, `amount`, `principal`, `interest`, `late_fee`, `late_interest`, `deleted`, `voucher_number`, `payer_type_id`, `other_payer_name`, `other_payer_address`, `other_payer_uid`, `PaymentMode`, `PayDetDate`, `transaction_number`, `PayDetBank`, `remarks`, `RegularPay`, `paid_principal`, `paid_interest`, `PrincipalAdj`, `InterestAdj`, `AmountAdj`, `permit_fee`, `acceptance_fee`, `renewal_fee`, `contract_variation_fee`, `cheque_dishonoured_fee`, `termination_fee`, `legal_fee`, `compound_interest`, `interest_growth`, `LenderID`, `RegularPrincipal`, `RegularInterest`, `AmountPrincipal`, `receipt_number`, `outstanding_principal`, `NoofLateDays`, `NoofLatePayment`, `cheque_dishonour`, `payment_type_id`, `book_id`, `CollectionFees`, `created_on`, `mlcb_paystt`, `dbspayment_id`) VALUES
  (8001, 1001, 5001, 'ACC-0001', '2024-04-04', 2600.0, 2500.0, 100.0, 0.0, 0.0, 0, 0, 'p', 'other_pa', 'other_pa', 'other_pa', 'PaymentM', '2024-01-01', 'transact', 'PayDetBa', 'remarks', 0, 0, 0, 0, 0, 0, 0, 0, 0, 0, 0, 0, 0, 0, 0, 0, 0, 0, 0, 'receipt_', 0, 0, 0, 0, 0, 0, 0, '2024-01-01 000000', 'mlcb_pay', 0),
  (8002, 1002, 5002, 'ACC-0002', '2024-05-19', 6100.0, 6000.0, 100.0, 0.0, 0.0, 0, 0, 'p', 'other_pa', 'other_pa', 'other_pa', 'PaymentM', '2024-01-01', 'transact', 'PayDetBa', 'remarks', 0, 0, 0, 0, 0, 0, 0, 0, 0, 0, 0, 0, 0, 0, 0, 0, 0, 0, 0, 'receipt_', 0, 0, 0, 0, 0, 0, 0, '2024-01-01 000000', 'mlcb_pay', 0);

INSERT INTO `calls` (`id`, `application_id`, `disbursement_id`, `payment_schedule_id`, `date`, `next_call_date`, `remarks`, `action_code_id`, `google_calendar_url`, `deleted`) VALUES
  (9001, 1001, 5001, 7001, '2024-03-28', '2024-04-03', 'Reminder call', 1, 'httpsexample.comcalls9001', 0),
  (9002, 1002, 5002, 7003, '2024-05-10', '2024-05-15', 'Payment plan follow-up', 1, 'httpsexample.comcalls9002', 0);

INSERT INTO `vt_audit_log` (`id`, `user_type`, `user_id`, `controller`, `method`, `params`, `request_method`, `audit_info`, `url`, `request_uri`, `last_insert_id`) VALUES
  (10001, 'staff', '1', 'Seed', 'insert', '{}', 'POST', 'seed data', 'httplocalhostseed', 'seed', '1002'),
  (10002, 'staff', '1', 'Seed', 'insert', '{}', 'POST', 'seed data 2', 'httplocalhostseed', 'seed', '1003');
